{
  "n": 254,
  "models": {
    "M1_bivariate": {
      "r2": 0.3343468512848745,
      "adj_r2": 0.331705370536005,
      "aic": 1230.0575487047831,
      "bic": 1237.1322172388202,
      "f_stat": 126.57553965818697,
      "f_pvalue": 4.6197317124239884e-24,
      "coefficients": {
        "const": {
          "coef": -8.278544358466464,
          "se": 1.1815981506902413,
          "p": 2.2260347277005054e-11,
          "ci_low": -10.60561018331125,
          "ci_high": -5.951478533621678
        },
        "log10_kerugian": {
          "coef": 1.4104848387866284,
          "se": 0.125369971884343,
          "p": 4.6197317124239884e-24,
          "ci_low": 1.163578412212263,
          "ci_high": 1.657391265360994
        }
      }
    },
    "M2_pemohon": {
      "r2": 0.3344801406974377,
      "adj_r2": 0.32917719361136155,
      "aic": 1232.0066830236128,
      "bic": 1242.6186858246683,
      "f_stat": 63.07438774482085,
      "f_pvalue": 6.407785187257198e-23,
      "coefficients": {
        "const": {
          "coef": -8.3057539382424,
          "se": 1.1900351541109389,
          "p": 2.6326729402142388e-11,
          "ci_low": -10.649480843262925,
          "ci_high": -5.962027033221876
        },
        "log10_kerugian": {
          "coef": 1.4086996287858686,
          "se": 0.1258589977036404,
          "p": 7.414526577272164e-24,
          "ci_low": 1.1608253385702036,
          "ci_high": 1.6565739190015336
        },
        "is_jpu": {
          "coef": 0.07736293667576617,
          "se": 0.3450474078327344,
          "p": 0.8227766222848534,
          "ci_low": -0.6021942095577306,
          "ci_high": 0.756920082909263
        }
      }
    },
    "M3_jakarta": {
      "r2": 0.3381297604130252,
      "adj_r2": 0.3301873175379815,
      "aic": 1232.6099485678317,
      "bic": 1246.7592856359058,
      "f_stat": 42.57251399005686,
      "f_pvalue": 2.928822795797822e-22,
      "coefficients": {
        "const": {
          "coef": -7.775357127243657,
          "se": 1.2720553766772027,
          "p": 3.7457368278899095e-09,
          "ci_low": -10.280668147952149,
          "ci_high": -5.270046106535166
        },
        "log10_kerugian": {
          "coef": 1.339346530499826,
          "se": 0.13894518069465683,
          "p": 6.688179791267914e-19,
          "ci_low": 1.0656942203480875,
          "ci_high": 1.6129988406515645
        },
        "is_jpu": {
          "coef": 0.13387579962387344,
          "se": 0.3481309959639607,
          "p": 0.7008934520653094,
          "ci_low": -0.5517676376272531,
          "ci_high": 0.819519236875
        },
        "is_jp": {
          "coef": 0.6698026754634383,
          "se": 0.5704787784906533,
          "p": 0.2414697236558623,
          "ci_low": -0.4537543622547653,
          "ci_high": 1.793359713181642
        }
      }
    },
    "M4_year": {
      "r2": 0.33866586353209127,
      "adj_r2": 0.32804202198240595,
      "aic": 1234.404129720558,
      "bic": 1252.090801055651,
      "f_stat": 31.877909882995564,
      "f_pvalue": 1.8946446666093873e-21,
      "coefficients": {
        "const": {
          "coef": -7.7030119031636195,
          "se": 1.2842261833909507,
          "p": 6.9876654775486766e-09,
          "ci_low": -10.232342717741155,
          "ci_high": -5.173681088586084
        },
        "log10_kerugian": {
          "coef": 1.3260372486683345,
          "se": 0.14228551501283476,
          "p": 6.50620581199891e-18,
          "ci_low": 1.0458006811193619,
          "ci_high": 1.6062738162173071
        },
        "is_jpu": {
          "coef": 0.10398956061097434,
          "se": 0.3549765956522475,
          "p": 0.7698061464392152,
          "ci_low": -0.5951499316755884,
          "ci_high": 0.803129052897537
        },
        "is_jp": {
          "coef": 0.692458347589764,
          "se": 0.5736124757458562,
          "p": 0.22850508364235472,
          "ci_low": -0.43729257113015596,
          "ci_high": 1.822209266309684
        },
        "year_centered": {
          "coef": 0.024497288491162124,
          "se": 0.054526126450241526,
          "p": 0.6536232555097226,
          "ci_low": -0.08289392780220822,
          "ci_high": 0.13188850478453246
        }
      }
    },
    "M5_interaction": {
      "r2": 0.34243358002312096,
      "adj_r2": 0.3291761925235871,
      "aic": 1234.9529170611188,
      "bic": 1256.17692266323,
      "f_stat": 25.829642532147563,
      "f_pvalue": 5.746117387087872e-21,
      "coefficients": {
        "const": {
          "coef": -5.517645502767969,
          "se": 2.237716205247529,
          "p": 0.014350452803698023,
          "ci_low": -9.924996860348077,
          "ci_high": -1.1102941451878614
        },
        "log10_kerugian": {
          "coef": 1.0849257396905347,
          "se": 0.2472296836818046,
          "p": 1.6908327138500125e-05,
          "ci_low": 0.5979881738571717,
          "ci_high": 1.5718633055238977
        },
        "is_jpu": {
          "coef": -3.018281024096642,
          "se": 2.6431453405024126,
          "p": 0.25458539053720775,
          "ci_low": -8.224155735745448,
          "ci_high": 2.187593687552165
        },
        "is_jp": {
          "coef": 0.7346094056453958,
          "se": 0.5742179461676064,
          "p": 0.20197948043266586,
          "ci_low": -0.39635628100150155,
          "ci_high": 1.8655750922922931
        },
        "year_centered": {
          "coef": 0.0416518631013823,
          "se": 0.05634869390244396,
          "p": 0.46049636395746574,
          "ci_low": -0.06933115252250052,
          "ci_high": 0.15263487872526513
        },
        "kerugian_x_jpu": {
          "coef": 0.33433597153561007,
          "se": 0.2804710047522848,
          "p": 0.23438033970324249,
          "ci_low": -0.21807289097253896,
          "ci_high": 0.8867448340437591
        }
      }
    }
  },
  "quantile_median": {
    "const": {
      "coef": -8.854469981599426,
      "p": 3.944406775776295e-09
    },
    "log10_kerugian": {
      "coef": 1.420294079605728,
      "p": 1.8183391360081104e-16
    },
    "is_jpu": {
      "coef": -0.00790384087572793,
      "p": 0.9842892480317744
    },
    "is_jp": {
      "coef": 0.2618734670248344,
      "p": 0.6864404106319305
    },
    "year_centered": {
      "coef": 0.07827867629648644,
      "p": 0.204939695406585
    }
  },
  "cv_10fold": {
    "mean_r2": 0.25254026534862045,
    "std_r2": 0.2552360986897615,
    "mean_mae": 2.091895061761063,
    "std_mae": 0.3565739480185035,
    "r2_folds": [
      0.16050420534167475,
      -0.417127733382026,
      0.5613259827437218,
      0.23728215319696788,
      0.3165125655806631,
      0.18902782324900314,
      0.47017517171856504,
      0.2778068674298422,
      0.458614280455777,
      0.2712813371520152
    ]
  },
  "diagnostics": {
    "shapiro_w": 0.9513824586992442,
    "shapiro_p": 1.690373047357397e-07,
    "jarque_bera": 67.29409474803768,
    "jb_p": 2.4393436833562218e-15,
    "skew": 0.8839096211155577,
    "kurtosis": 4.798141337143516,
    "durbin_watson": 1.7315633545933156
  },
  "f_test_m1_vs_m4": {
    "f_stat": 0.542052794119429,
    "p": 0.6539334640650751
  }
}