{
  "n_kerugian": 251,
  "n_tuntutan": 302,
  "n_all_three": 236,
  "models": {
    "M1_bivariate": {
      "r2": 0.34739168219523386,
      "adj_r2": 0.3447707652562588,
      "aic": 1209.488318033519,
      "bic": 1216.5392239117825,
      "f_stat": 132.54585714994008,
      "f_pvalue": 7.145813037106711e-25,
      "n": 251,
      "coefficients": {
        "const": {
          "coef": -10.118722492609683,
          "se": 1.3173175213702657,
          "p": 3.606128552547843e-13,
          "ci_low": -12.713227917337026,
          "ci_high": -7.52421706788234
        },
        "log10_kerugian": {
          "coef": 1.6015047935182527,
          "se": 0.13910577619653838,
          "p": 7.145813037106853e-25,
          "ci_low": 1.327530838797443,
          "ci_high": 1.8754787482390625
        }
      }
    },
    "M2_pemohon": {
      "r2": 0.3474018467936979,
      "adj_r2": 0.342138958461389,
      "aic": 1211.4844085919535,
      "bic": 1222.060767409349,
      "f_stat": 66.00973170207638,
      "f_pvalue": 1.0377296235552252e-23,
      "n": 251,
      "coefficients": {
        "const": {
          "coef": -10.12412114279301,
          "se": 1.3228155036052258,
          "p": 4.3449070388849785e-13,
          "ci_low": -12.729506352933004,
          "ci_high": -7.518735932653015
        },
        "log10_kerugian": {
          "coef": 1.600794237331783,
          "se": 0.1398529507161138,
          "p": 1.2303806342146876e-24,
          "ci_low": 1.325343270513555,
          "ci_high": 1.8762452041500108
        },
        "is_jpu": {
          "coef": 0.02133812207876325,
          "se": 0.3433271604886296,
          "p": 0.9504926533081477,
          "ci_low": -0.6548706944482207,
          "ci_high": 0.6975469386057472
        }
      }
    },
    "M3_jakarta": {
      "r2": 0.3483897566008005,
      "adj_r2": 0.3404754621465592,
      "aic": 1213.1041543171714,
      "bic": 1227.2059660736986,
      "f_stat": 44.02031774469771,
      "f_pvalue": 7.968356640460662e-23,
      "n": 251,
      "coefficients": {
        "const": {
          "coef": -9.771631390301264,
          "se": 1.4443192658977912,
          "p": 9.56498730144551e-11,
          "ci_low": -12.616383927609021,
          "ci_high": -6.926878852993507
        },
        "log10_kerugian": {
          "coef": 1.556528775673426,
          "se": 0.15760944723413475,
          "p": 1.3335516683216504e-19,
          "ci_low": 1.2460988828447954,
          "ci_high": 1.8669586685020567
        },
        "is_jpu": {
          "coef": 0.05367425044570798,
          "se": 0.3477985332345995,
          "p": 0.8774789603605201,
          "ci_low": -0.6313548724442579,
          "ci_high": 0.7387033733356738
        },
        "is_jp": {
          "coef": 0.35242814796936084,
          "se": 0.575913705703018,
          "p": 0.5411362933352121,
          "ci_low": -0.7818999844955784,
          "ci_high": 1.4867562804343
        }
      }
    },
    "M4_year": {
      "r2": 0.348671514648595,
      "adj_r2": 0.3380808075697104,
      "aic": 1214.9955977603074,
      "bic": 1232.6228624559662,
      "f_stat": 32.92240188039604,
      "f_pvalue": 5.492129526877949e-22,
      "n": 251,
      "coefficients": {
        "const": {
          "coef": -9.709679100303626,
          "se": 1.45934876443736,
          "p": 1.8443053783213982e-10,
          "ci_low": -12.584091488679222,
          "ci_high": -6.83526671192803
        },
        "log10_kerugian": {
          "coef": 1.5457394934036366,
          "se": 0.16132210585276235,
          "p": 1.1036310759045448e-18,
          "ci_low": 1.227990733900765,
          "ci_high": 1.8634882529065082
        },
        "is_jpu": {
          "coef": 0.03364237142892351,
          "se": 0.35379911243017564,
          "p": 0.9243216179494425,
          "ci_low": -0.6632195278975681,
          "ci_high": 0.730504270755415
        },
        "is_jp": {
          "coef": 0.37087426048352035,
          "se": 0.5797225927081759,
          "p": 0.5229341412921644,
          "ci_low": -0.770978765269411,
          "ci_high": 1.5127272862364518
        },
        "year_centered": {
          "coef": 0.017796428746355092,
          "se": 0.054554072664186715,
          "p": 0.744538040755693,
          "ci_low": -0.08965622830422867,
          "ci_high": 0.12524908579693886
        }
      }
    },
    "M5_interaction": {
      "r2": 0.3530992361984765,
      "adj_r2": 0.33989717979436374,
      "aic": 1215.2834773179197,
      "bic": 1236.4361949527104,
      "f_stat": 26.745775460289543,
      "f_pvalue": 1.4937067070326463e-21,
      "n": 251,
      "coefficients": {
        "const": {
          "coef": -7.095602073203386,
          "se": 2.489750732452494,
          "p": 0.004745135276094423,
          "ci_low": -11.999648954583904,
          "ci_high": -2.191555191822868
        },
        "log10_kerugian": {
          "coef": 1.2597614425134636,
          "se": 0.2733566316494815,
          "p": 6.5294112404300435e-06,
          "ci_low": 0.7213325470132184,
          "ci_high": 1.7981903380137088
        },
        "is_jpu": {
          "coef": -3.720196097134155,
          "se": 2.9202716623884215,
          "p": 0.20389847595786276,
          "ci_low": -9.472237436876224,
          "ci_high": 2.0318452426079134
        },
        "is_jp": {
          "coef": 0.41290602230439766,
          "se": 0.5798358225624013,
          "p": 0.4770751430303116,
          "ci_low": -0.7291930723101303,
          "ci_high": 1.5550051169189256
        },
        "year_centered": {
          "coef": 0.03414499517235157,
          "se": 0.05592285909421771,
          "p": 0.5420481934845726,
          "ci_low": -0.07600592040494242,
          "ci_high": 0.14429591074964554
        },
        "kerugian_x_jpu": {
          "coef": 0.4001148750630172,
          "se": 0.3089799770729577,
          "p": 0.1965550639375752,
          "ci_low": -0.20848110734727182,
          "ci_high": 1.0087108574733061
        }
      }
    },
    "M6_tuntutan_only": {
      "r2": 0.41794921556148457,
      "adj_r2": 0.4160090462800228,
      "aic": 1407.3271832525866,
      "bic": 1414.7480372873363,
      "f_stat": 215.4189428494625,
      "f_pvalue": 3.931943876491242e-37,
      "n": 302,
      "coefficients": {
        "const": {
          "coef": -0.6348675182748454,
          "se": 0.38747924787356397,
          "p": 0.10237501349721864,
          "ci_low": -1.3973890969664131,
          "ci_high": 0.12765406041672211
        },
        "log10_tuntutan": {
          "coef": 7.207934324207945,
          "se": 0.49109880315571663,
          "p": 3.931943876490882e-37,
          "ci_low": 6.241499510651094,
          "ci_high": 8.174369137764796
        }
      }
    },
    "M9_tuntutan_linear": {
      "r2": 0.6003842414521432,
      "adj_r2": 0.5990521889236503,
      "aic": 1293.758808629036,
      "bic": 1301.1796626637856,
      "f_stat": 450.7211454577132,
      "f_pvalue": 1.0453019951344932e-61,
      "n": 302,
      "coefficients": {
        "const": {
          "coef": 0.4929872076252642,
          "se": 0.2288272420964549,
          "p": 0.03200417015493094,
          "ci_low": 0.04267738884508088,
          "ci_high": 0.9432970264054475
        },
        "tuntutan_yr": {
          "coef": 0.6324375701458255,
          "se": 0.029789532983392108,
          "p": 1.0453019951344267e-61,
          "ci_low": 0.5738146584837467,
          "ci_high": 0.6910604818079042
        }
      }
    },
    "M7_tuntutan_kerugian": {
      "r2": 0.4919027130431237,
      "adj_r2": 0.48754136294048966,
      "aic": 1071.2567455797873,
      "bic": 1081.6482409948642,
      "f_stat": 112.78679800230404,
      "f_pvalue": 5.531094115819055e-35,
      "n": 236,
      "coefficients": {
        "const": {
          "coef": -7.181301674986283,
          "se": 1.2378744260511902,
          "p": 2.1332434290560496e-08,
          "ci_low": -9.620158897021833,